PLAYER_NAME,BBREF_ID,TEAM,SALARY,SEASON
John Konchar,konchjo01,MEM,2100000.0,2020-21
Ryan Anderson,anderry01,MIA,5214583.0,2020-21
Amida Brimah,brimaam01,IND,0.0,2020-21
Daniel Gafford,gaffoda01,WAS,1517981.0,2020-21
Chuma Okeke,okekech01,ORL,3121080.0,2020-21
Saben Lee,leesa01,DET,0.0,2020-21
Luke Kornet,kornelu01,BOS,2250000.0,2020-21
Deividas Sirvydis,sirvyde01,DET,898310.0,2020-21
Jake Layman,laymaja01,MIN,3761085.0,2020-21
John Wall,walljo01,HOU,41254920.0,2020-21
DÅ¾anan Musa,musadz01,DET,2002800.0,2020-21
Yogi Ferrell,ferreyo01,CLE,110998.0,2020-21
Xavier Tillman,tillmxa01,MEM,1300000.0,2020-21
Moses Brown,brownmo01,OKC,1250000.0,2020-21
Rudy Gobert,goberru01,UTA,27525281.0,2020-21
Pascal Siakam,siakapa01,TOR,30559200.0,2020-21
Chandler Hutchison,hutchch01,WAS,2443440.0,2020-21
D.J. Wilson,wilsodj01,HOU,4548280.0,2020-21
Justin Holiday,holidju01,IND,5720400.0,2020-21
Kevon Looney,looneke01,GSW,4821429.0,2020-21
Dean Wade,wadede01,CLE,1517981.0,2020-21
LeBron James,jamesle01,LAL,39219566.0,2020-21
Louis King,kinglo02,SAC,0.0,2020-21
JaVale McGee,mcgeeja01,DEN,4200000.0,2020-21
Nikola JokiÄ,jokicni01,DEN,29542010.0,2020-21
Michael Carter-Williams,cartemi01,ORL,3300000.0,2020-21
Gorgui Dieng,dienggo01,MEM,16587688.0,2020-21
Buddy Hield,hieldbu01,SAC,24701834.0,2020-21
Jimmy Butler,butleji01,MIA,34379100.0,2020-21
Isaiah Joe,joeis01,PHI,898310.0,2020-21
Naz Reid,reidna01,MIN,1517981.0,2020-21
Rodney Hood,hoodro01,TOR,10047450.0,2020-21
Dwayne Bacon,bacondw01,ORL,1678854.0,2020-21
Paul Watson,watsopa01,TOR,1445697.0,2020-21
Kevin Huerter,huertke01,ATL,2761920.0,2020-21
Thanasis Antetokounmpo,antetth01,MIL,1701593.0,2020-21
Cameron Oliver,oliveca01,HOU,43070.0,2020-21
Matisse Thybulle,thybuma01,PHI,2711280.0,2020-21
Myles Powell,powelmy01,NYK,0.0,2020-21
Ben Simmons,simmobe01,PHI,30559200.0,2020-21
Alec Burks,burksal01,NYK,6000000.0,2020-21
DeMarcus Cousins,couside01,HOU,1620564.0,2020-21
Bruno Caboclo,cabocbr01,HOU,361256.0,2020-21
Dillon Brooks,brookdi01,MEM,11400000.0,2020-21
Lou Williams,willilo02,ATL,8000000.0,2020-21
Terence Davis,daviste02,SAC,1517981.0,2020-21
D'Angelo Russell,russeda01,MIN,28649250.0,2020-21
Russell Westbrook,westbru01,WAS,41358814.0,2020-21
Jalen McDaniels,mcdanja01,CHO,1517981.0,2020-21
Kendrick Nunn,nunnke01,MIA,1663861.0,2020-21
Bol Bol,bolbo01,DEN,2058240.0,2020-21
Noah Vonleh,vonleno01,BRK,263995.0,2020-21
Torrey Craig,craigto01,PHO,1620564.0,2020-21
Troy Brown,browntr01,CHI,3372840.0,2020-21
Anthony Edwards,edwaran01,MIN,9757440.0,2020-21
Vincent Poirier,poirivi01,NYK,2619207.0,2020-21
Fred VanVleet,vanvlfr01,TOR,21250000.0,2020-21
Justin Robinson,robinju01,OKC,198040.0,2020-21
Caleb Martin,martica02,CHO,1517981.0,2020-21
Jarrett Allen,allenja01,CLE,3909902.0,2020-21
NicolÃ² Melli,mellini01,DAL,3897436.0,2020-21
Brad Wanamaker,wanambr01,CHO,2250000.0,2020-21
Domantas Sabonis,sabondo01,IND,19800000.0,2020-21
Brandon Ingram,ingrabr01,NOP,27285000.0,2020-21
Julius Randle,randlju01,NYK,18900000.0,2020-21
Bogdan BogdanoviÄ,bogdabo01,ATL,18000000.0,2020-21
Karim ManÃ©,maneka01,ORL,0.0,2020-21
Tim Hardaway,hardati02,DAL,18975000.0,2020-21
Jabari Parker,parkeja01,BOS,430729.0,2020-21
Josh Jackson,jacksjo02,DET,4767000.0,2020-21
KZ Okpala,okpalkz01,MIA,1517981.0,2020-21
Donovan Mitchell,mitchdo01,UTA,5195501.0,2020-21
Javonte Green,greenja02,CHI,1517981.0,2020-21
Jay Scrubb,scrubja01,LAC,0.0,2020-21
Myles Turner,turnemy01,IND,17500000.0,2020-21
Bradley Beal,bealbr01,WAS,28751774.0,2020-21
DeAndre Jordan,jordade01,BRK,10375678.0,2020-21
Iman Shumpert,shumpim01,BRK,558153.0,2020-21
Rodney McGruder,mcgruro01,DET,5192307.0,2020-21
TomÃ¡Å¡ SatoranskÃ½,satorto01,CHI,10000000.0,2020-21
Devin Vassell,vassede01,SAS,4033440.0,2020-21
Joel Embiid,embiijo01,PHI,29542010.0,2020-21
Jonas ValanÄiÅ«nas,valanjo01,MEM,15000000.0,2020-21
Gordon Hayward,haywago01,CHO,28500000.0,2020-21
Alfonzo McKinnie,mckinal01,LAL,1762796.0,2020-21
Markelle Fultz,fultzma01,ORL,12288697.0,2020-21
Sindarius Thornwell,thornsi01,NOP,943480.0,2020-21
Facundo Campazzo,campafa01,DEN,3100000.0,2020-21
Freddie Gillespie,gillefr01,TOR,239959.0,2020-21
Jared Dudley,dudleja01,LAL,1620564.0,2020-21
Royce O'Neale,onealro01,UTA,8500000.0,2020-21
Trey Burke,burketr01,DAL,3000000.0,2020-21
Reggie Bullock,bullore01,NYK,4200000.0,2020-21
Kevin Love,loveke01,CLE,31258256.0,2020-21
T.J. Leaf,leaftj01,OKC,4326825.0,2020-21
Brandon Goodwin,goodwbr01,ATL,1701593.0,2020-21
Jordan Nwora,nworajo01,MIL,898310.0,2020-21
Klay Thompson,thompkl01,GSW,35361360.0,2020-21
Jordan Clarkson,clarkjo01,UTA,11500000.0,2020-21
Kira Lewis,lewiski01,NOP,3640200.0,2020-21
Paul Millsap,millspa01,DEN,10000000.0,2020-21
Cory Joseph,josepco01,DET,12600000.0,2020-21
Seth Curry,curryse01,PHI,7834449.0,2020-21
Derrick Jones,jonesde02,POR,9258000.0,2020-21
Chris Silva,silvach01,SAC,1517981.0,2020-21
DeMarre Carroll,carrode01,SAS,6119676.0,2020-21
Tyus Jones,jonesty01,MEM,7965100.0,2020-21
Danilo Gallinari,gallida01,ATL,19500000.0,2020-21
Adam Mokoka,mokokad01,CHI,0.0,2020-21
Willie Cauley-Stein,caulewi01,DAL,4100000.0,2020-21
James Ennis,ennisja01,ORL,3300000.0,2020-21
Jarrell Brantley,brantja01,UTA,0.0,2020-21
Langston Galloway,gallola01,PHO,1620564.0,2020-21
Guerschon Yabusele,yabusgu01,BOS,1039080.0,2020-21
Boban MarjanoviÄ,marjabo01,DAL,3500000.0,2020-21
Dante Exum,exumda01,HOU,9600000.0,2020-21
Stephen Curry,curryst01,GSW,43006362.0,2020-21
Jaylen Brown,brownja02,BOS,23437500.0,2020-21
Rondae Hollis-Jefferson,holliro01,POR,432891.0,2020-21
Deni Avdija,avdijde01,WAS,4469160.0,2020-21
T.J. McConnell,mccontj01,IND,3500000.0,2020-21
Jontay Porter,portejo01,MEM,1900000.0,2020-21
Jakob Poeltl,poeltja01,SAS,8101852.0,2020-21
Jonathan Isaac,isaacjo01,ORL,7362566.0,2020-21
Ty-Shon Alexander,alexaty01,PHO,0.0,2020-21
Solomon Hill,hillso01,ATL,1620564.0,2020-21
Rodions Kurucs,kurucro01,MIL,1780152.0,2020-21
CJ McCollum,mccolcj01,POR,29354152.0,2020-21
Furkan Korkmaz,korkmfu01,PHI,1762796.0,2020-21
Chris Chiozza,chiozch01,BRK,0.0,2020-21
Josh Richardson,richajo01,DAL,10865952.0,2020-21
Spencer Dinwiddie,dinwisp01,BRK,11454048.0,2020-21
Anfernee Simons,simonan01,POR,2252040.0,2020-21
Jordan McLaughlin,mclaujo01,MIN,0.0,2020-21
Anthony Davis,davisan02,LAL,32742000.0,2020-21
Isaiah Hartenstein,harteis01,CLE,1620564.0,2020-21
Terrence Ross,rosste01,ORL,13500000.0,2020-21
Anderson VarejÃ£o,varejan01,CLE,144297.0,2020-21
Draymond Green,greendr01,GSW,22246956.0,2020-21
Zeke Nnaji,nnajize01,DEN,2379840.0,2020-21
Robert Covington,covinro01,POR,12138345.0,2020-21
Alize Johnson,johnsal02,BRK,621587.0,2020-21
Terry Rozier,roziete01,CHO,18900000.0,2020-21
Cassius Winston,winstca01,WAS,0.0,2020-21
Kentavious Caldwell-Pope,caldwke01,LAL,12073020.0,2020-21
Jerian Grant,grantje02,HOU,50000.0,2020-21
Tyler Herro,herroty01,MIA,3822240.0,2020-21
Justise Winslow,winslju01,MEM,13000000.0,2020-21
Zach LaVine,lavinza01,CHI,19500000.0,2020-21
Nickeil Alexander-Walker,alexani01,NOP,3113160.0,2020-21
Gary Payton,paytoga02,GSW,233894.0,2020-21
Jaxson Hayes,hayesja02,NOP,5105160.0,2020-21
Axel Toupane,toupaax01,MIL,0.0,2020-21
Jayson Tatum,tatumja01,BOS,9897120.0,2020-21
Devin Cannady,cannade01,ORL,61528.0,2020-21
Donta Hall,halldo01,ORL,277256.0,2020-21
Jarred Vanderbilt,vandeja01,MIN,1663861.0,2020-21
Meyers Leonard,leoname01,OKC,9400000.0,2020-21
Omari Spellman,spellom01,NYK,1988280.0,2020-21
Jeremiah Martin,martije02,CLE,0.0,2020-21
Jusuf NurkiÄ,nurkiju01,POR,12888889.0,2020-21
Jae'Sean Tate,tateja01,HOU,1445967.0,2020-21
Al-Farouq Aminu,aminual01,CHI,9720900.0,2020-21
Trevor Ariza,arizatr01,MIA,12800000.0,2020-21
Joakim Noah,noahjo01,NYK,6431667.0,2020-21
Armoni Brooks,brookar01,HOU,0.0,2020-21
Miye Oni,onimi01,UTA,1517981.0,2020-21
John Henson,hensojo01,NYK,110998.0,2020-21
Drew Eubanks,eubandr01,SAS,1620564.0,2020-21
Jrue Holiday,holidjr01,MIL,25876111.0,2020-21
DaQuan Jeffries,jeffrda01,SAS,1445697.0,2020-21
Wes Iwundu,iwundwe01,NOP,1678854.0,2020-21
Keljin Blevins,blevike01,POR,0.0,2020-21
Tim Frazier,fraziti01,MEM,518612.0,2020-21
Juancho HernangÃ³mez,hernaju01,MIN,5718000.0,2020-21
Reggie Perry,perryre01,BRK,0.0,2020-21
DeAndre' Bembry,bembrde01,TOR,1737145.0,2020-21
Justin Jackson,jacksju01,MIL,0.0,2020-21
Nico Mannion,mannini01,GSW,0.0,2020-21
Jaylen Hoard,hoardja01,OKC,0.0,2020-21
Sam Merrill,merrisa01,MIL,898310.0,2020-21
P.J. Washington,washipj01,CHO,4023600.0,2020-21
JaMychal Green,greenja01,DEN,7199760.0,2020-21
Maxi Kleber,klebima01,DAL,8325000.0,2020-21
Hamidou Diallo,diallha01,DET,1663861.0,2020-21
Mike James,jamesmi02,BRK,237648.0,2020-21
Eric Gordon,gordoer01,HOU,16869276.0,2020-21
DeMar DeRozan,derozde01,SAS,27739975.0,2020-21
Quinndary Weatherspoon,weathqu01,SAS,0.0,2020-21
Derrick White,whitede01,SAS,3516284.0,2020-21
Patrick Beverley,beverpa01,LAC,13333333.0,2020-21
D.J. Augustin,augusdj01,HOU,6666667.0,2020-21
Eric Paschall,pascher01,GSW,1517981.0,2020-21
E'Twaun Moore,mooreet01,PHO,1620564.0,2020-21
Duncan Robinson,robindu01,MIA,1663861.0,2020-21
Trent Forrest,forretr01,UTA,0.0,2020-21
Skylar Mays,mayssk01,ATL,0.0,2020-21
De'Anthony Melton,meltode01,MEM,9571712.0,2020-21
Udonis Haslem,hasleud01,MIA,1620564.0,2020-21
Marquese Chriss,chrisma01,SAS,1824003.0,2020-21
Garrett Temple,templga01,CHI,4767000.0,2020-21
Kenyon Martin,martike04,HOU,898310.0,2020-21
Larry Sanders,sandela01,MIL,1865546.0,2020-21
De'Aaron Fox,foxde01,SAC,8099627.0,2020-21
Brook Lopez,lopezbr01,MIL,12697675.0,2020-21
Tony Bradley,bradlto01,OKC,3542060.0,2020-21
Patty Mills,millspa02,SAS,13535714.0,2020-21
Cameron Reynolds,reynoca01,HOU,33299.0,2020-21
Glenn Robinson,robingl02,SAC,930930.0,2020-21
Admiral Schofield,schofad01,OKC,1517981.0,2020-21
Mason Plumlee,plumlma01,DET,8000000.0,2020-21
Ignas Brazdeikis,brazdig01,ORL,148530.0,2020-21
Isaac Okoro,okorois01,CLE,6400920.0,2020-21
Justin Patton,pattoju01,HOU,0.0,2020-21
Jared Harper,harpeja01,NYK,99020.0,2020-21
Dennis SchrÃ¶der,schrode01,LAL,16000000.0,2020-21
Patrick McCaw,mccawpa01,TOR,4000000.0,2020-21
David Nwaba,nwabada01,HOU,1824003.0,2020-21
Taurean Prince,princta02,CLE,12250000.0,2020-21
Jamal Murray,murraja01,DEN,27285000.0,2020-21
Bruno Fernando,fernabr01,ATL,1517981.0,2020-21
Abdel Nader,naderab01,PHO,1752950.0,2020-21
Moritz Wagner,wagnemo01,BOS,2161920.0,2020-21
Harrison Barnes,barneha02,SAC,22215909.0,2020-21
Demetrius Jackson,jacksde01,BOS,92857.0,2020-21
Markus Howard,howarma02,DEN,0.0,2020-21
Tyrese Maxey,maxeyty01,PHI,2478840.0,2020-21
Ivica Zubac,zubaciv01,LAC,7000000.0,2020-21
Wayne Ellington,ellinwa01,DET,2564753.0,2020-21
Maurice Harkless,harklma01,SAC,3623000.0,2020-21
Monta Ellis,ellismo01,IND,2245400.0,2020-21
Udoka Azubuike,azubuud01,UTA,1977000.0,2020-21
Brandon Clarke,clarkbr01,MEM,2602920.0,2020-21
Rui Hachimura,hachiru01,WAS,4692840.0,2020-21
Dakari Johnson,johnsda04,MEM,459414.0,2020-21
Clint Capela,capelca01,ATL,16000000.0,2020-21
Zion Williamson,willizi01,NOP,10245480.0,2020-21
Ish Smith,smithis01,WAS,6000000.0,2020-21
Payton Pritchard,pritcpa01,BOS,2035800.0,2020-21
Dewayne Dedmon,dedmode01,DET,2866667.0,2020-21
Cedi Osman,osmande01,CLE,8840580.0,2020-21
Nate Darling,darlina01,CHO,0.0,2020-21
Tyler Cook,cookty01,BRK,99020.0,2020-21
Anthony Lamb,lamban01,HOU,0.0,2020-21
Goran DragiÄ,dragigo01,MIA,18000000.0,2020-21
Kyle Kuzma,kuzmaky01,LAL,3562178.0,2020-21
Serge Ibaka,ibakase01,LAC,9258000.0,2020-21
Sterling Brown,brownst02,HOU,1620564.0,2020-21
Elijah Hughes,hugheel01,UTA,898310.0,2020-21
Cameron Johnson,johnsca02,PHO,4235160.0,2020-21
Rayjon Tucker,tuckera01,CLE,340000.0,2020-21
Marcus Morris,morrima03,LAC,14883721.0,2020-21
Thon Maker,makerth01,CLE,309355.0,2020-21
Shai Gilgeous-Alexander,gilgesh01,OKC,4141320.0,2020-21
Frank Ntilikina,ntilila01,NYK,6176578.0,2020-21
J.R. Smith,smithjr01,CLE,1456667.0,2020-21
A.J. Hammons,hammoaj01,MIA,350087.0,2020-21
Andre Drummond,drumman01,CLE,27957238.0,2020-21
Malik Monk,monkma01,CHO,5345687.0,2020-21
Kyle Lowry,lowryky01,TOR,30500000.0,2020-21
Marcus Smart,smartma01,BOS,13446428.0,2020-21
George Hill,hillge01,PHI,9590602.0,2020-21
Luol Deng,denglu01,LAL,5000000.0,2020-21
Denzel Valentine,valende01,CHI,4642800.0,2020-21
Taj Gibson,gibsota01,NYK,2442968.0,2020-21
Jalen Smith,smithja04,PHO,4245720.0,2020-21
Keita Bates-Diop,bateske01,SAS,0.0,2020-21
Elijah Bryant,bryanel01,MIL,24611.0,2020-21
Luca Vildoza,vildolu01,NYK,3500000.0,2020-21
Willy HernangÃ³mez,hernawi01,NOP,1620564.0,2020-21
Elfrid Payton,paytoel01,NYK,5767000.0,2020-21
Al Horford,horfoal01,OKC,27500000.0,2020-21
Otto Porter,porteot01,ORL,28489239.0,2020-21
Terance Mann,mannte01,LAC,1517984.0,2020-21
Matt Thomas,thomama02,UTA,1517981.0,2020-21
Michael Porter,portemi01,DEN,3550800.0,2020-21
TimothÃ© Luwawu-Cabarrot,luwawti01,BRK,1824003.0,2020-21
Grayson Allen,allengr01,MEM,2545320.0,2020-21
Kawhi Leonard,leonaka01,LAC,34379100.0,2020-21
Thaddeus Young,youngth01,CHI,13545000.0,2020-21
Svi Mykhailiuk,mykhasv01,OKC,1663861.0,2020-21
Dwight Powell,poweldw01,DAL,11080125.0,2020-21
Lonnie Walker,walkelo01,SAS,2892000.0,2020-21
Tyler Hall,hallty01,NYK,25000.0,2020-21
J.J. Barea,bareajo01,DAL,1620564.0,2020-21
Juwan Morgan,morgaju01,UTA,1517981.0,2020-21
Jaren Jackson,jacksja02,MEM,7257360.0,2020-21
Josh Green,greenjo02,DAL,2816760.0,2020-21
Kent Bazemore,bazemke01,GSW,1620564.0,2020-21
Montrezl Harrell,harremo01,LAL,9258000.0,2020-21
Bismack Biyombo,biyombi01,CHO,3500000.0,2020-21
Wesley Matthews,matthwe02,LAL,3623000.0,2020-21
Kelly Olynyk,olynyke01,HOU,12819649.0,2020-21
Aaron Holiday,holidaa01,IND,2345640.0,2020-21
Wendell Carter,cartewe01,ORL,5448840.0,2020-21
Yuta Watanabe,watanyu01,TOR,321893.0,2020-21
Khyri Thomas,thomakh01,ATL,744684.0,2020-21
Theo Pinson,pinsoth01,NYK,0.0,2020-21
Matthew Dellavedova,dellama01,CLE,1620564.0,2020-21
Jerami Grant,grantje01,DET,19050000.0,2020-21
Marques Bolden,boldema01,CLE,0.0,2020-21
Mike Scott,scottmi01,PHI,5005350.0,2020-21
Caleb Homesley,homesca01,WAS,20000.0,2020-21
Cody Zeller,zelleco01,CHO,15415730.0,2020-21
James Harden,hardeja01,BRK,41254920.0,2020-21
Tre Jones,jonestr01,SAS,898310.0,2020-21
ThÃ©o Maledon,maledth01,OKC,2000000.0,2020-21
Damion Lee,leeda03,GSW,1762796.0,2020-21
Isaiah Roby,robyis01,OKC,1517981.0,2020-21
Eric Bledsoe,bledser01,NOP,16875000.0,2020-21
Tyler Bey,beyty01,DAL,0.0,2020-21
Kevin Durant,duranke01,BRK,39058950.0,2020-21
Larry Nance,nancela02,CLE,11709091.0,2020-21
Bam Adebayo,adebaba01,MIA,5115492.0,2020-21
Malik Fitts,fittsma01,LAC,61528.0,2020-21
Zach Collins,colliza01,POR,5406255.0,2020-21
Landry Shamet,shamela01,BRK,2090040.0,2020-21
LaMarcus Aldridge,aldrila01,BRK,554988.0,2020-21
Obi Toppin,toppiob01,NYK,4862040.0,2020-21
OG Anunoby,anunoog01,TOR,3872215.0,2020-21
Nicolas Batum,batumni01,CHO,8856969.0,2020-21
Tobias Harris,harrito02,PHI,34358850.0,2020-21
Jaden McDaniels,mcdanja02,MIN,1964760.0,2020-21
Sean McDermott,mcderse01,MEM,0.0,2020-21
Kris Dunn,dunnkr01,ATL,4767000.0,2020-21
Rudy Gay,gayru01,SAS,14500000.0,2020-21
Avery Bradley,bradlav01,HOU,5635000.0,2020-21
Tony Snell,snellto01,ATL,12178571.0,2020-21
Coby White,whiteco01,CHI,5572680.0,2020-21
Alex Len,lenal01,TOR,2258000.0,2020-21
Oshae Brissett,brissos01,IND,955493.0,2020-21
Jon Leuer,leuerjo01,MIL,3169348.0,2020-21
Aaron Nesmith,nesmiaa01,BOS,3458400.0,2020-21
Malik Beasley,beaslma01,MIN,13425895.0,2020-21
Bobby Portis,portibo01,MIL,3623000.0,2020-21
Devin Booker,bookede01,PHO,29467800.0,2020-21
Nassir Little,littlna01,POR,2210640.0,2020-21
Cole Aldrich,aldrico01,MIN,685340.0,2020-21
Jeremy Lamb,lambje01,IND,10500000.0,2020-21
Nathan Knight,knighna01,ATL,0.0,2020-21
Andre Roberson,roberan03,BRK,274816.0,2020-21
Gabe Vincent,vincega01,MIA,0.0,2020-21
Devon Dotson,dotsode01,CHI,0.0,2020-21
Chris Boucher,bouchch01,TOR,6500000.0,2020-21
Cole Anthony,anthoco01,ORL,3285120.0,2020-21
Andrew Wiggins,wiggian01,GSW,29542010.0,2020-21
Jeff Green,greenje02,BRK,2564753.0,2020-21
Kyle Singler,singlky01,OKC,999200.0,2020-21
Tyrese Haliburton,halibty01,SAC,3831840.0,2020-21
Luke Kennard,kennalu01,LAC,5273826.0,2020-21
Carsen Edwards,edwarca01,BOS,1517981.0,2020-21
Jahlil Okafor,okafoja01,DET,1882867.0,2020-21
De'Andre Hunter,huntede01,ATL,7422000.0,2020-21
Mfiondu Kabengele,kabenmf01,CLE,356473.0,2020-21
Bojan BogdanoviÄ,bogdabo02,UTA,17661000.0,2020-21
Tristan Thompson,thomptr01,BOS,9258000.0,2020-21
Semi Ojeleye,ojelese01,BOS,1752950.0,2020-21
Danuel House,houseda01,HOU,3717000.0,2020-21
Robert Franks,frankro01,ORL,198040.0,2020-21
Trey Lyles,lylestr01,SAS,5500000.0,2020-21
Omer Yurtseven,yurtsom01,MIA,18458.0,2020-21
Raul Neto,netora01,WAS,1620564.0,2020-21
Georges Niang,niangge01,UTA,1783557.0,2020-21
Tacko Fall,fallta01,BOS,0.0,2020-21
Shaquille Harrison,harrish01,DEN,0.0,2020-21
Trae Young,youngtr01,ATL,6571800.0,2020-21
James Nunnally,nunnaja01,NOP,0.0,2020-21
Lamar Stevens,stevela01,CLE,652366.0,2020-21
Enes Freedom,kanteen01,POR,5005350.0,2020-21
J.J. Redick,redicjj01,DAL,13013700.0,2020-21
Luka Å amaniÄ,samanlu01,SAS,2824320.0,2020-21
DÄvis BertÄns,bertada01,WAS,15000000.0,2020-21
Sekou Doumbouya,doumbse01,DET,3449400.0,2020-21
Gary Trent,trentga02,TOR,1663861.0,2020-21
Brodric Thomas,thomabr01,CLE,0.0,2020-21
Tyler Johnson,johnsty01,BRK,1620564.0,2020-21
Talen Horton-Tucker,hortota01,LAL,1517981.0,2020-21
Chimezie Metu,metuch01,SAC,750000.0,2020-21
Malachi Flynn,flynnma01,TOR,1950600.0,2020-21
Desmond Bane,banede01,MEM,1936440.0,2020-21
Justin Anderson,anderju01,PHI,125000.0,2020-21
Richaun Holmes,holmeri01,SAC,5005350.0,2020-21
Robert Williams,williro04,BOS,2029920.0,2020-21
Karl-Anthony Towns,townska01,MIN,29467800.0,2020-21
Carmelo Anthony,anthoca01,POR,1620564.0,2020-21
T.J. Warren,warretj01,IND,12000000.0,2020-21
Norvel Pelle,pelleno01,BRK,217845.0,2020-21
Jalen Brunson,brunsja01,DAL,1663861.0,2020-21
Charlie Brown,brownch02,OKC,217844.0,2020-21
Mason Jones,jonesma05,HOU,61528.0,2020-21
Bryn Forbes,forbebr01,MIL,2337145.0,2020-21
Gary Harris,harriga01,ORL,19160714.0,2020-21
Pat Connaughton,connapa01,MIL,4938273.0,2020-21
Darius Miller,milleda01,OKC,7000000.0,2020-21
Devonte' Graham,grahade01,CHO,1663861.0,2020-21
Jalen Harris,harrija01,TOR,0.0,2020-21
Lonzo Ball,balllo01,NOP,11003782.0,2020-21
Nikola VuÄeviÄ,vucevni01,CHI,26000000.0,2020-21
Ryan Arcidiacono,arcidry01,CHI,3000000.0,2020-21
Marko Guduric,gudurma01,MEM,2750000.0,2020-21
Alex Caruso,carusal01,LAL,2750000.0,2020-21
Will Magnay,magnawi01,NOP,0.0,2020-21
Daniel Oturu,oturuda01,LAC,898310.0,2020-21
Alen SmailagiÄ,smailal01,GSW,1517981.0,2020-21
Aaron Gordon,gordoaa01,DEN,18136364.0,2020-21
Brian Bowen,bowenbr02,IND,0.0,2020-21
Kristaps PorziÅÄ£is,porzikr01,DAL,29467800.0,2020-21
Patrick Williams,willipa01,CHI,7068360.0,2020-21
Greg Whittington,whittgr01,DEN,0.0,2020-21
Frank Kaminsky,kaminfr01,PHO,1620564.0,2020-21
Jahmi'us Ramsey,ramseja01,SAC,1000000.0,2020-21
Stanley Johnson,johnsst04,TOR,3804150.0,2020-21
Jarrett Culver,culveja01,MIN,6104280.0,2020-21
Quinn Cook,cookqu01,CLE,221996.0,2020-21
Reggie Jackson,jacksre01,LAC,1620564.0,2020-21
Immanuel Quickley,quickim01,NYK,2105520.0,2020-21
Harry Giles,gilesha01,POR,1620564.0,2020-21
Grant Williams,willigr01,BOS,2498760.0,2020-21
RJ Barrett,barrerj01,NYK,8231760.0,2020-21
Victor Oladipo,oladivi01,MIA,21000000.0,2020-21
Paul Reed,reedpa01,PHI,609128.0,2020-21
Aleksej Pokusevski,pokusal01,OKC,2964840.0,2020-21
Ja Morant,moranja01,MEM,9166800.0,2020-21
Collin Sexton,sextoco01,CLE,4991880.0,2020-21
Blake Griffin,griffbl01,BRK,776983.0,2020-21
Mitchell Robinson,robinmi01,NYK,1663861.0,2020-21
Ersan Ä°lyasova,ilyaser01,UTA,754783.0,2020-21
Naji Marshall,marshna01,NOP,120000.0,2020-21
R.J. Hampton,hamptrj01,ORL,2193480.0,2020-21
Andre Iguodala,iguodan01,MIA,15000000.0,2020-21
Nemanja Bjelica,bjeline01,MIA,7150000.0,2020-21
Ricky Rubio,rubiori01,MIN,17000000.0,2020-21
Damian Lillard,lillada01,POR,31626953.0,2020-21
Mohamed Bamba,bambamo01,ORL,5969040.0,2020-21
Romeo Langford,langfro01,BOS,3631200.0,2020-21
Justin James,jamesju01,SAC,1517981.0,2020-21
Dario Å ariÄ,saricda01,PHO,9250000.0,2020-21
Darius Garland,garlada01,CLE,6720720.0,2020-21
Will Barton,bartowi01,DEN,13723214.0,2020-21
Max Strus,strusma01,MIA,0.0,2020-21
Keldon Johnson,johnske04,SAS,2048040.0,2020-21
Cristiano FelÃ­cio,feliccr01,CHI,7529020.0,2020-21
Austin Rivers,riverau01,DEN,299694.0,2020-21
Gary Clark,clarkga01,DEN,2000000.0,2020-21
Isaac Bonga,bongais01,WAS,1663861.0,2020-21
Tremont Waters,watertr01,BOS,0.0,2020-21
Donte DiVincenzo,divindo01,MIL,3044160.0,2020-21
Giannis Antetokounmpo,antetgi01,MIL,27528088.0,2020-21
Cam Reddish,reddica01,ATL,4458000.0,2020-21
Joe Harris,harrijo01,BRK,16071429.0,2020-21
Khem Birch,birchkh01,ORL,2586036.0,2020-21
Chris Clemons,clemoch01,HOU,1517981.0,2020-21
Gabriel Deck,deckga01,OKC,3870370.0,2020-21
Joe Ingles,inglejo01,UTA,10863637.0,2020-21
Kyle Guy,guyky01,SAC,0.0,2020-21
Marvin Bagley,baglema01,SAC,8963640.0,2020-21
Cassius Stanley,stanlca01,IND,0.0,2020-21
Anthony Tolliver,tollian01,PHI,485498.0,2020-21
Thomas Bryant,bryanth01,WAS,8333333.0,2020-21
Robin Lopez,lopezro01,WAS,7300000.0,2020-21
Nick Richards,richani01,CHO,1000000.0,2020-21
Killian Tillie,tilliki02,MEM,0.0,2020-21
Damian Jones,jonesda03,LAL,221996.0,2020-21
Jerome Robinson,robinje01,WAS,3737520.0,2020-21
Kevin Knox,knoxke01,NYK,4588680.0,2020-21
Kenrich Williams,willike04,OKC,2000000.0,2020-21
Doug McDermott,mcderdo01,IND,7333333.0,2020-21
Luguentz Dort,dortlu01,OKC,1517981.0,2020-21
Josh Hall,halljo01,OKC,0.0,2020-21
Jaylen Nowell,nowelja01,MIN,1517981.0,2020-21
Dylan Windler,windldy01,CLE,2137440.0,2020-21
Ty Jerome,jeromty01,OKC,2303040.0,2020-21
Chris Paul,paulch01,PHO,41358814.0,2020-21
Malcolm Brogdon,brogdma01,IND,20700000.0,2020-21
Edmond Sumner,sumneed01,IND,2160000.0,2020-21
Isaiah Thomas,thomais02,NOP,110998.0,2020-21
Andrew White,whitean01,NYK,25000.0,2020-21
Nate Hinton,hintona01,DAL,0.0,2020-21
Khris Middleton,middlkh01,MIL,33051724.0,2020-21
Juan Toscano-Anderson,toscaju01,GSW,358295.0,2020-21
Henry Ellenson,ellenhe01,TOR,160998.0,2020-21
Jae Crowder,crowdja01,PHO,9258000.0,2020-21
Daniel Theis,theisda01,CHI,5000000.0,2020-21
Bruce Brown,brownbr01,BRK,1663861.0,2020-21
Mike Muscala,muscami01,OKC,2283034.0,2020-21
Grant Riller,rillegr01,CHO,0.0,2020-21
Delon Wright,wrighde01,SAC,9000000.0,2020-21
Goga Bitadze,bitadgo01,IND,2957520.0,2020-21
Vlatko ÄanÄar,cancavl01,DEN,1517981.0,2020-21
Jalen Lecque,lecquja01,IND,1517981.0,2020-21
Kevin Porter,porteke02,HOU,1717981.0,2020-21
Robert Woodard,woodaro01,SAC,1500000.0,2020-21
Chasson Randle,randlch01,ORL,0.0,2020-21
Rajon Rondo,rondora01,LAC,8250000.0,2020-21
James Johnson,johnsja01,NOP,16047100.0,2020-21
CJ Elleby,ellebcj01,POR,898310.0,2020-21
Dejounte Murray,murrade01,SAS,14286000.0,2020-21
Josh Okogie,okogijo01,MIN,2651040.0,2020-21
Dorian Finney-Smith,finnedo01,DAL,4000000.0,2020-21
Garrison Mathews,mathega01,WAS,0.0,2020-21
Dennis Smith,smithde03,DET,5686677.0,2020-21
Kelan Martin,martike03,IND,801900.0,2020-21
Cameron Payne,payneca01,PHO,1977011.0,2020-21
Killian Hayes,hayeski01,DET,5307120.0,2020-21
Kostas Antetokounmpo,antetko01,LAL,0.0,2020-21
Derrick Rose,rosede01,NYK,7682926.0,2020-21
Damyean Dotson,dotsoda01,CLE,2000000.0,2020-21
Amir Coffey,coffeam01,LAC,0.0,2020-21
Kyle Anderson,anderky01,MEM,9505100.0,2020-21
Zylan Cheatham,cheatzy01,OKC,1445697.0,2020-21
John Collins,collijo01,ATL,4137302.0,2020-21
Shaun Livingston,livinsh01,GSW,666667.0,2020-21
P.J. Tucker,tuckepj01,MIL,7969537.0,2020-21
Ed Davis,davised01,MIN,5005350.0,2020-21
Paul George,georgpa01,LAC,35450412.0,2020-21
Ben McLemore,mclembe01,HOU,2283034.0,2020-21
LaMelo Ball,ballla01,CHO,7839960.0,2020-21
Jeff Teague,teaguje01,MIL,510589.0,2020-21
Devontae Cacok,cacokde01,LAL,0.0,2020-21
Kemba Walker,walkeke02,BOS,34379100.0,2020-21
Danny Green,greenda02,PHI,15365853.0,2020-21
Terrance Ferguson,fergute01,NYK,3944013.0,2020-21
Josh Hart,hartjo01,NOP,3491159.0,2020-21
AnÅ¾ejs PaseÄÅiks,pasecan01,WAS,374297.0,2020-21
Mamadi Diakite,diakima01,MIL,160173.0,2020-21
Saddiq Bey,beysa01,DET,2689920.0,2020-21
James Wiseman,wisemja01,GSW,8730240.0,2020-21
Kelly Oubre,oubreke01,GSW,14375000.0,2020-21
Miles Bridges,bridgmi02,CHO,3934320.0,2020-21
Jacob Evans,evansja02,NYK,2017320.0,2020-21
Derrick Favors,favorde01,UTA,9258000.0,2020-21
Evan Fournier,fournev01,BOS,17450000.0,2020-21
Luka DonÄiÄ,doncilu01,DAL,8049360.0,2020-21
Isaiah Stewart,stewais01,DET,3121080.0,2020-21
Jordan Poole,poolejo01,GSW,2063280.0,2020-21
Caris LeVert,leverca01,IND,16203704.0,2020-21
Deandre Ayton,aytonde01,PHO,10018200.0,2020-21
Christian Wood,woodch01,HOU,13015874.0,2020-21
Precious Achiuwa,achiupr01,MIA,2582160.0,2020-21
Shake Milton,miltosh01,PHI,1701593.0,2020-21
Darius Bazley,bazleda01,OKC,2399160.0,2020-21
Monte Morris,morrimo01,DEN,1723707.0,2020-21
Onyeka Okongwu,okongon01,ATL,5813640.0,2020-21
Nerlens Noel,noelne01,NYK,5000000.0,2020-21
Marcos Louzada Silva,louzama01,NOP,123056.0,2020-21
Lauri Markkanen,markkla01,CHI,6731508.0,2020-21
Cody Martin,martico01,CHO,1517981.0,2020-21
Mario Hezonja,hezonma01,MEM,1977011.0,2020-21
Dion Waiters,waitedi01,MEM,12650000.0,2020-21
JaKarr Sampson,sampsja02,IND,1620564.0,2020-21
Andrew Nicholson,nichoan01,POR,2844430.0,2020-21
Josh Gray,grayjo01,OKC,1620564.0,2020-21
Jevon Carter,carteje01,PHO,3925000.0,2020-21
Hassan Whiteside,whiteha01,SAC,1620564.0,2020-21
Vernon Carey,careyve01,CHO,1350000.0,2020-21
Steven Adams,adamsst01,NOP,29592695.0,2020-21
Anthony Gill,gillan01,WAS,898310.0,2020-21
Norman Powell,powelno01,POR,10865952.0,2020-21
Mychal Mulder,muldemy01,GSW,1517981.0,2020-21
Wenyen Gabriel,gabriwe01,NOP,1620564.0,2020-21
Mike Conley,conlemi01,UTA,34504132.0,2020-21
Mikal Bridges,bridgmi01,PHO,4359000.0,2020-21
PJ Dozier,doziepj01,DEN,1762796.0,2020-21
Markieff Morris,morrima02,LAL,1620564.0,2020-21
Nic Claxton,claxtni01,BRK,1517981.0,2020-21
Aron Baynes,baynear01,TOR,7000000.0,2020-21
Kyrie Irving,irvinky01,BRK,33460350.0,2020-21
Jordan Bell,belljo01,GSW,0.0,2020-21
Tyrell Terry,terryty01,DAL,1289846.0,2020-21
Troy Williams,willitr02,HOU,122741.0,2020-21
Marc Gasol,gasolma01,LAL,2564753.0,2020-21
Frank Jackson,jacksfr01,DET,0.0,2020-21
Patrick Patterson,pattepa01,LAC,3077704.0,2020-21
Dwight Howard,howardw01,PHI,1620564.0,2020-21
